/*
Navicat MySQL Data Transfer

Source Server         : localhost_3306
Source Server Version : 50640
Source Host           : localhost:3306
Source Database       : gp

Target Server Type    : MYSQL
Target Server Version : 50640
File Encoding         : 65001

Date: 2020-05-13 09:56:55
*/

SET FOREIGN_KEY_CHECKS=0;

-- ----------------------------
-- Table structure for articles
-- ----------------------------
DROP TABLE IF EXISTS `articles`;
CREATE TABLE `articles` (
  `id` bigint(255) NOT NULL AUTO_INCREMENT COMMENT '文章ID',
  `user_id` bigint(20) NOT NULL COMMENT '发表用户ID',
  `auther` varchar(255) DEFAULT NULL,
  `title` text COMMENT '文章标题',
  `content` longtext COMMENT '文章内容',
  `summary` longtext COMMENT '摘要',
  `img_url` text COMMENT '图片路由',
  `views` bigint(20) DEFAULT NULL COMMENT '浏览量',
  `comment_count` bigint(20) DEFAULT NULL COMMENT '评论总数',
  `write_date` datetime DEFAULT NULL COMMENT '发表时间',
  `update_date` datetime DEFAULT NULL ON UPDATE CURRENT_TIMESTAMP COMMENT '更新日期',
  `like_count` bigint(20) DEFAULT NULL COMMENT '点赞数',
  PRIMARY KEY (`id`),
  KEY `user_id` (`user_id`),
  CONSTRAINT `articles_ibfk_1` FOREIGN KEY (`user_id`) REFERENCES `user` (`id`)
) ENGINE=InnoDB AUTO_INCREMENT=177 DEFAULT CHARSET=utf8;

-- ----------------------------
-- Records of articles
-- ----------------------------
INSERT INTO `articles` VALUES ('63', '5', 'francis', '4-11', '代码测试开始\r\n\r\n    @RequestMapping(value =\"/saveContent\", method = RequestMethod.POST)\r\n            public String saveContent(Model model, HttpServletRequest request, User user,\r\n                               @RequestParam(value = \"title\", required = false) String title,\r\n                               @RequestParam(value = \"content\", required = false) String content1) {\r\n                user = (User) request.getSession().getAttribute(\"user\");\r\n                if(user !=null){\r\n                    System.out.println(user.getId());\r\n                    System.out.println(title);\r\n                    System.out.println(content1);\r\n                    Article article = new Article();\r\n                    article.setTitle(title);\r\n                    article.setContent(content1);\r\n                    article.setUserId(Long.parseLong(user.getId()));\r\n                    article.setAuther(user.getNickName());\r\n                    Date now = new Date();\r\n                    SimpleDateFormat dateFormat = new SimpleDateFormat(\"yyyy/MM/dd HH:mm:ss\");//可以方便地修改日期格式\r\n                    article.setWriteDate(dateFormat.format(now));\r\n                    articleService.inserContent(article);\r\n                    model.addAttribute(\"article_content\",content1);\r\n                    return \"article/view\";\r\n                }\r\n                return \"/index\";\r\n            }\r\n# 代码测试结束', null, null, null, '0', '2020-04-11 22:27:54', '2020-05-02 22:57:02', '1');
INSERT INTO `articles` VALUES ('94', '6', 'rr', '文章标题  其他用户测试', '爱上擦擦撒阿萨vSava收到VS的v\r\nsvs1\r\nsvsvssdvsvs是\r\nsdvs1', null, null, null, '0', '2020-04-14 16:03:11', '2020-05-02 22:57:02', '2');
INSERT INTO `articles` VALUES ('97', '6', 'rr', '气温起伏', '    <script type=\"text/javascript\">\r\n        var editor;\r\n        $(function () {\r\n            editor = editormd(\"article-editormd\", {\r\n                width: \"96%\",\r\n                height: 640,\r\n                placeholder: \'你可以随意的写点什么\',\r\n                syncScrolling: \"single\",\r\n                path: \"${ctx}/static/editor/lib/\",\r\n                saveHTMLToTextarea: true,\r\n                imageUpload: true,\r\n                imageFormats: [\"jpg\", \"jpeg\", \"gif\", \"png\", \"bmp\"],\r\n                imageUploadURL: \"${ctx}/article/uploadImage\",\r\n                imageUploadFileName: \"uploadImage\",\r\n                toolbarIcons: [\r\n                    \"h1\", \"h2\", \"h3\", \"h4\", \"h5\", \"h6\",\"|\",\r\n                    \"bold\", \"del\", \"italic\", \"quote\",\"|\",\r\n                    \"list-ul\", \"list-ol\", \"hr\",\"|\",\r\n                    \"link\", \"image\",  \"preformatted-text\",\"table\",\"|\",\r\n                    \"undo\", \"redo\",\"|\",\r\n                    \"watch\", \"preview\",\"fullscreen\", \"clear\", \"search\",\"|\",\r\n                    \"help\"\r\n                ],\r\n                dialogMaskBgColor : \"#E6E6E6\",//设置透明遮罩层的背景颜色，全局通用，默认为#fff\r\n    \r\n    \r\n                // toolbarIconTexts : {\r\n                //     releaseIcon : \"<span bgcolor=\\\"gray\\\">发布</span>\",\r\n                //     index : \"<span bgcolor=\\\"red\\\">返回首页</span>\",\r\n                // },\r\n                // /*给自定义按钮指定回调函数*/\r\n                // toolbarHandlers:{\r\n                //     releaseIcon : function(cm, icon, cursor, selection) {\r\n                //         contentCommit();//提交表单代码在下面\r\n                //         // console.log(\"日志输出 testIcon =>\", this, cm, icon, cursor, selection);\r\n                //     },\r\n                //     index : function(){\r\n                //         window.location.href = \'返回首页的路径.html\';\r\n                //     },\r\n                // }\r\n    \r\n            });\r\n        });\r\n    \r\n        $(\"#article-editormd\").on(\'paste\', function (ev) {\r\n            var data = ev.clipboardData;\r\n            var items = (event.clipboardData || event.originalEvent.clipboardData).items;\r\n            for (var index in items) {\r\n                var item = items[index];\r\n                if (item.kind === \'file\') {\r\n                    var blob = item.getAsFile();\r\n                    var reader = new FileReader();\r\n                    reader.onload = function (event) {\r\n                        var base64 = event.target.result;\r\n                        //ajax上传图片\r\n                        $.post(\"{:url(\'${ctx}/article/uploadImage\')}\",{base:base64}, function (ret) {\r\n                            layer.msg(ret.msg);\r\n                            if (ret.code === 1) {\r\n                                //新一行的图片显示\r\n                                editor.insertValue(\"\\n![\" + ret.data.title + \"](\" + ret.data.path + \")\");\r\n                            }\r\n                        });\r\n                    }; // data url!\r\n                    var url = reader.readAsDataURL(blob);\r\n                }\r\n            }\r\n        });\r\n    </script>', null, null, null, '0', '2020-04-14 17:10:59', '2020-05-02 22:57:03', '3');
INSERT INTO `articles` VALUES ('98', '6', 'rr', '未违反', '分为氛围服务', null, null, null, '0', '2020-04-14 17:11:25', '2020-05-02 22:57:04', '4');
INSERT INTO `articles` VALUES ('99', '6', 'rr', '违法', '热个二', null, null, null, '0', '2020-04-14 17:15:48', '2020-05-02 22:57:04', '5');
INSERT INTO `articles` VALUES ('100', '6', 'rr', '无法', '父亲为服务', null, null, null, '0', '2020-04-14 17:19:54', '2020-05-02 22:57:06', '6');
INSERT INTO `articles` VALUES ('101', '6', 'rr', '服务服务', '二未违反', null, null, null, '0', '2020-04-14 17:21:41', '2020-05-02 22:57:07', '7');
INSERT INTO `articles` VALUES ('102', '6', 'rr', '为我服务', '为非法', null, null, null, '0', '2020-04-14 17:22:13', '2020-05-02 22:57:08', '8');
INSERT INTO `articles` VALUES ('121', '5', '的VS VS VS说的不是是什么什么v', '2020-04-16', ' sdvsdsdvsvssdvs\n ![](/static/img/article/test.png)\n![](/static/img/article/20170718150902_rNsZS.gif)', 'sdvsdsdvsvssdvs    ', '/static/img/article/test.png', null, '0', '2020-04-16 20:44:40', '2020-05-02 22:57:10', '9');
INSERT INTO `articles` VALUES ('128', '5', '的VS VS VS说的不是是什么什么v', '2020-04-16-11111111111111111111111111111111', '       \n                    if (/(^\\_)|(\\__)|(\\_+$)/.test(value)) {\n                        return \'首尾不能出现下划线\\\'_\\\'\';\n                    }\n                    // var minlength = $(item).attr(\"minlength\");\n                    // if(minlength && value.length < minlength){\n                    //     return \'长度至少为\'+minlength+\"位\";\n                    // }\n                    if (/^\\d+$/.test(value)) {\n                        return \'不能全为数字\';\n                    }\n                    var nickname = $(\"#nickname\").val();\n                    if (value == \"\") {\n                        message = \"请填入一个昵称\";\n                    } else {\n                        $.ajax({\n                            url: \'./checkNickName\',\n                            type: \'post\',\n                            dataType: \'json\',\n                            async: false,\n                            // contentType: \"application\",\n                            data: {\"nickName\": nickname},\n                            success: function (data) {\n                                if (data == false) {\n                                    message = \"昵称已被使用，换一个吧！\";\n                                }\n                            }\n                        });\n                        return message;///^[\\S]{6,12}$/\n                    }\n                },password: [/^(?![0-9]+$)(?![a-zA-Z]+$)[0-9A-Za-z]{6,16}$/, \'密码必须6到16位，且不能出现空格\']\n            });\n\n            //表单提交验证\n            form.on(\'submit(commit)\', function (data) {\n                $.fn.serializeObject = function () {\n                    var o = {};\n                    var a = this.serializeArray();\n                    $.each(a, function () {\n                        if (o[this.name]) {\n                            if (!o[this.name].push) {\n                                o[this.name] = [o[this.name]];\n                            }\n                            o[this.name].push(this.value || \'\');\n                        } else {\n                            o[this.name] = this.value || \'\';\n                        }\n                    });\n                    return o;\n                };\n                var maintenancePlace = $(\"#form1\").serializeObject();\n\n                $.ajax({\n                    url: \'./save\',\n                    type: \'post\',\n                    // contentType: \"application/x-www-form-urlencoded\",\n                    data: maintenancePlace,\n                    success: function (data) {\n                        if (data === \"true\") {\n                            layer.open({\n                                content: \"注册成功！请登录\",\n                                yes: function () {\n                                    window.location.href = \"/\";\n                                },\n                                cancel: function () {\n                                    window.location.href = \"/\";\n                                }\n                            });\n                        }\n                        if (data === \"error\") {\n                            layer.msg(\"验证码错误，请输入正确的验证码\")\n                        }\n                        if(data ==\"500\"){\n                            layer.msg(\"该手机号已被注册\")\n                        }\n                        else if (data === \"past\") {\n                            layer.msg(\"验证码已失效，请重新获取验证码\")\n                        }\n                        else if (data === \"false\") {\n                            layer.msg(\"数据提交失败\")\n                        }\n\n                    },\n                    error: function (jqXHR) {\n                        layer.msg(\"服务器异常，请稍后重试....\");\n                        // alert(\"发生错误：\" + jqXHR.status);\n                    }\n                });\n                return false;\n            });\n        });\n		', '                if (/(^\\_)|(\\__)|(\\_+$)/.test(value)) {                      return \'首尾不能出现下划线\\\'_\\\'\';                  }                  // var minlength = $(item).attr(\"minlength', '', null, '0', '2020-04-16 21:05:44', '2020-05-02 22:57:12', '10');
INSERT INTO `articles` VALUES ('129', '6', 'rr', '2020-04-16', '# 今天是个 好日子\n啊送餐时间BBC看技术大版v还是VS上课\n#### 卫生健康v的变化v包括v恶霸v恶疾v吧是多少vs是不可VS吧VS吧v\n的女举产生的测试等级\n', '今天是个 好日子    啊送餐时间BBC看技术大版v还是VS上课    卫生健康v的变化v包括v恶霸v恶疾v吧是多少vs是不可VS吧VS吧v    的女举产生的测试等级', '', null, '0', '2020-04-16 21:52:39', '2020-05-02 22:57:12', '11');
INSERT INTO `articles` VALUES ('131', '6', 'rr', '文章  标题  真 测试 ', '# 哈哈啊哈哈\n##我也可以 的\n\n    @ResponseBody\n        @RequestMapping(value = \"/uploadImage\", method = RequestMethod.POST)\n        public JSONObject hello(HttpServletRequest request, HttpServletResponse response,\n                                @RequestParam(value = \"editormd-image-file\", required = false) MultipartFile attach) {\n    \n            JSONObject jsonObject = new JSONObject();\n    \n            try {\n                request.setCharacterEncoding(\"utf-8\");\n                response.setHeader(\"Content-Type\", \"text/html\");\n                String rootPath = request.getSession().getServletContext().getRealPath(\"/static/img/article/\");\n    \n    \n                /**\n                 * 文件路径不存在则需要创建文件路径\n                 */\n                File filePath = new File(rootPath);\n                if (!filePath.exists()) {\n                    filePath.mkdirs();\n                }\n    \n                // 最终文件名\n                File realFile = new File(rootPath + File.separator + attach.getOriginalFilename());\n                FileUtils.copyInputStreamToFile(attach.getInputStream(), realFile);\n    \n                // 下面response返回的json格式是editor.md所限制的，规范输出就OK\n    \n                jsonObject.put(\"success\", 1);\n                jsonObject.put(\"message\", \"上传成功\");\n                jsonObject.put(\"url\", \"/static/img/article/\" + attach.getOriginalFilename());\n            } catch (Exception e) {\n                jsonObject.put(\"success\", 0);\n            }\n            return jsonObject;\n        }\n\n\n![](/static/img/article/test - 副本.png)\n', '哈哈啊哈哈  我也可以 的  @ResponseBody      @RequestMapping(value = \"/uploadImage\", method = RequestMethod.POST)      public JSONO', '/static/img/article/test - 副本.png', null, '0', '2020-04-16 22:08:07', '2020-05-02 22:57:14', '12');
INSERT INTO `articles` VALUES ('132', '6', 'rr', '2020-04-16', '@ResponseBody\n    @RequestMapping(value = \"/uploadImage\", method = RequestMethod.POST)\n    public JSONObject hello(HttpServletRequest request, HttpServletResponse response,\n                            @RequestParam(value = \"editormd-image-file\", required = false) MultipartFile attach) {\n\n        JSONObject jsonObject = new JSONObject();\n\n        try {\n            request.setCharacterEncoding(\"utf-8\");\n            response.setHeader(\"Content-Type\", \"text/html\");\n            String rootPath = request.getSession().getServletContext().getRealPath(\"/static/img/article/\");\n\n\n            /**\n             * 文件路径不存在则需要创建文件路径\n             */\n            File filePath = new File(rootPath);\n            if (!filePath.exists()) {\n                filePath.mkdirs();\n            }\n\n            // 最终文件名\n            File realFile = new File(rootPath + File.separator + attach.getOriginalFilename());\n            FileUtils.copyInputStreamToFile(attach.getInputStream(), realFile);\n\n            // 下面response返回的json格式是editor.md所限制的，规范输出就OK\n\n            jsonObject.put(\"success\", 1);\n            jsonObject.put(\"message\", \"上传成功\");\n            jsonObject.put(\"url\", \"/static/img/article/\" + attach.getOriginalFilename());\n        } catch (Exception e) {\n            jsonObject.put(\"success\", 0);\n        }\n        return jsonObject;\n    }', '@ResponseBody  @RequestMapping(value = “/uploadImage”, method = RequestMethod.POST)  public JSONObject hello(HttpServletRequest request, HttpServletResponse response,  @RequestPara', '/static/img/article/test - 副本.png', null, '0', '2020-04-16 22:09:33', '2020-05-02 22:57:16', '14');
INSERT INTO `articles` VALUES ('141', '7', '马通', '完全祈福祈福祈福去', '# alalala\n当清晨的一缕阳光透过窗帘上的空隙映照在沉睡的脸庞时，微微张开的双眼朦胧地注视着周遭的一切，新的一天悄然而至。\n\n　　——题记\n\n　\n\n　　生活的列车慢慢的前进，有些人下去，也有人上去，不慌不忙的过着行云流水的日子，有的人知道自己的前方在哪里停靠，生活充实而安逸，有些人庸庸碌碌的过着不起波澜的日子，每天无头鸟似的瞎忙，朦胧的眼神向世界宣告着昏暗思想，一个个皮囊悬浮在空气中，没有生机的灵魂过着糜烂的时间。没有归属，无处生根。有时我们在迷茫青春的时候，日子也慢慢地溜走，不留一点痕迹。\n\n　　时光不可阻挡，岁月交错中总要有些思量。人生只有在不短的思考中才会有所进步，有所追求，有了目标的人生才不会孤独和无助，只有让自己的心静下来时一些前方的东西才会明朗的展现在我们的面前。让我们不再迷惑于为所谓的挣扎中，谁的年华没有色彩，谁的青春没有耀眼的光芒，只是在岁月的长河里我们的选择不同，所得到的结局就不同，每个人都需要努力才会得到一切自己所要追求的东西和梦想。\n\n　　生命无常，人生苦短，记忆的时光中我们匆匆走过，走过喧嚣，走过孤寂，时光无情地带走了我们的青春年少，还好我们都在坚持着内心的宁静，岁月的年轮缓缓的从我们身边碾过，往事一幕幕铺陈，让我的生活回忆不至于那么的枯燥，一些美好的记忆还依然鲜活地根植在我的脑海之中。消逝不去，本不该怀旧的年纪，可是我们学不会遗忘，日日夜夜的想念，带着些许的小寂寞，心有不甘常常在无人的街角大声的长啸，发泄着内心的声音，有时候我们会选择相信宿命，认为人与人之间的相遇，就像是上天早已做了安排，人谁也逃不过岁月时光刻下的印迹。\n\n　　时光荏苒，蹉跎了谁的年华，匆匆行走的岁月长河中，有些人只顾着追寻他人的脚步，忘记了自己的方向，忘记了自己的目标和理想，有些人几顾思量不敢走出自己的道路，因而迷失了方向。迷失了自己。有些人默默坚守，把青春的岁月包裹在温热的怀里，载着它踏上梦想的征途，不留一丝遗憾。不留一点别人靠近的距离，就像是陈孝正为自己规划的一厘米的差距，人生没有从头来过的权利。亦没有后悔的权利，做过的事情，不管有些怎样的结局都会成为过往，我们纵使一味的活在过去的时光里也不会改变一点点发生的故事，向着远方，努力的看看前方的路才是对我们自己的肯定，只有心存希望，才会有拼搏的勇气，才有希望去走更远的路，因为值得，所以一路前行，\n\n　　那一路上的心酸往事，慢慢的沉淀在内心平和的深处！', 'alalala    当清晨的一缕阳光透过窗帘上的空隙映照在沉睡的脸庞时，微微张开的双眼朦胧地注视着周遭的一切，新的一天悄然而至。    　　——题记    　    　　生活的列车慢慢的前进，有些人下去，也有人上去，不慌不忙的过着行云流水的日子，有的人知道自己的前方在哪里停靠，生活充实而安逸，有些人庸庸碌碌的过着不起波澜的日子，每天无头鸟似的瞎忙，朦胧的眼', '/static/img/article/1a5e740c8ada9f6e7d1ab299f7e68b0.jpg', null, null, '2020-04-16 22:48:16', '2020-05-02 22:57:18', '15');
INSERT INTO `articles` VALUES ('142', '7', '马通', '完全祈福祈福祈福去', '# alalala\n当清晨的一缕阳光透过窗帘上的空隙映照在沉睡的脸庞时，微微张开的双眼朦胧地注视着周遭的一切，新的一天悄然而至。\n\n　　——题记\n\n　\n\n　　生活的列车慢慢的前进，有些人下去，也有人上去，不慌不忙的过着行云流水的日子，有的人知道自己的前方在哪里停靠，生活充实而安逸，有些人庸庸碌碌的过着不起波澜的日子，每天无头鸟似的瞎忙，朦胧的眼神向世界宣告着昏暗思想，一个个皮囊悬浮在空气中，没有生机的灵魂过着糜烂的时间。没有归属，无处生根。有时我们在迷茫青春的时候，日子也慢慢地溜走，不留一点痕迹。\n\n　　时光不可阻挡，岁月交错中总要有些思量。人生只有在不短的思考中才会有所进步，有所追求，有了目标的人生才不会孤独和无助，只有让自己的心静下来时一些前方的东西才会明朗的展现在我们的面前。让我们不再迷惑于为所谓的挣扎中，谁的年华没有色彩，谁的青春没有耀眼的光芒，只是在岁月的长河里我们的选择不同，所得到的结局就不同，每个人都需要努力才会得到一切自己所要追求的东西和梦想。\n\n　　生命无常，人生苦短，记忆的时光中我们匆匆走过，走过喧嚣，走过孤寂，时光无情地带走了我们的青春年少，还好我们都在坚持着内心的宁静，岁月的年轮缓缓的从我们身边碾过，往事一幕幕铺陈，让我的生活回忆不至于那么的枯燥，一些美好的记忆还依然鲜活地根植在我的脑海之中。消逝不去，本不该怀旧的年纪，可是我们学不会遗忘，日日夜夜的想念，带着些许的小寂寞，心有不甘常常在无人的街角大声的长啸，发泄着内心的声音，有时候我们会选择相信宿命，认为人与人之间的相遇，就像是上天早已做了安排，人谁也逃不过岁月时光刻下的印迹。\n\n　　时光荏苒，蹉跎了谁的年华，匆匆行走的岁月长河中，有些人只顾着追寻他人的脚步，忘记了自己的方向，忘记了自己的目标和理想，有些人几顾思量不敢走出自己的道路，因而迷失了方向。迷失了自己。有些人默默坚守，把青春的岁月包裹在温热的怀里，载着它踏上梦想的征途，不留一丝遗憾。不留一点别人靠近的距离，就像是陈孝正为自己规划的一厘米的差距，人生没有从头来过的权利。亦没有后悔的权利，做过的事情，不管有些怎样的结局都会成为过往，我们纵使一味的活在过去的时光里也不会改变一点点发生的故事，向着远方，努力的看看前方的路才是对我们自己的肯定，只有心存希望，才会有拼搏的勇气，才有希望去走更远的路，因为值得，所以一路前行，\n\n　　那一路上的心酸往事，慢慢的沉淀在内心平和的深处！', 'alalala    当清晨的一缕阳光透过窗帘上的空隙映照在沉睡的脸庞时，微微张开的双眼朦胧地注视着周遭的一切，新的一天悄然而至。    　　——题记    　    　　生活的列车慢慢的前进，有些人下去，也有人上去，不慌不忙的过着行云流水的日子，有的人知道自己的前方在哪里停靠，生活充实而安逸，有些人庸庸碌碌的过着不起波澜的日子，每天无头鸟似的瞎忙，朦胧的眼', '', null, null, '2020-04-16 22:48:59', '2020-04-24 14:14:54', '0');
INSERT INTO `articles` VALUES ('143', '7', '马通', '34343434', '# alalala\n当清晨的一缕阳光透过窗帘上的空隙映照在沉睡的脸庞时，微微张开的双眼朦胧地注视着周遭的一切，新的一天悄然而至。\n\n　　——题记\n\n　\n\n　　生活的列车慢慢的前进，有些人下去，也有人上去，不慌不忙的过着行云流水的日子，有的人知道自己的前方在哪里停靠，生活充实而安逸，有些人庸庸碌碌的过着不起波澜的日子，每天无头鸟似的瞎忙，朦胧的眼神向世界宣告着昏暗思想，一个个皮囊悬浮在空气中，没有生机的灵魂过着糜烂的时间。没有归属，无处生根。有时我们在迷茫青春的时候，日子也慢慢地溜走，不留一点痕迹。\n\n　　时光不可阻挡，岁月交错中总要有些思量。人生只有在不短的思考中才会有所进步，有所追求，有了目标的人生才不会孤独和无助，只有让自己的心静下来时一些前方的东西才会明朗的展现在我们的面前。让我们不再迷惑于为所谓的挣扎中，谁的年华没有色彩，谁的青春没有耀眼的光芒，只是在岁月的长河里我们的选择不同，所得到的结局就不同，每个人都需要努力才会得到一切自己所要追求的东西和梦想。\n\n　　生命无常，人生苦短，记忆的时光中我们匆匆走过，走过喧嚣，走过孤寂，时光无情地带走了我们的青春年少，还好我们都在坚持着内心的宁静，岁月的年轮缓缓的从我们身边碾过，往事一幕幕铺陈，让我的生活回忆不至于那么的枯燥，一些美好的记忆还依然鲜活地根植在我的脑海之中。消逝不去，本不该怀旧的年纪，可是我们学不会遗忘，日日夜夜的想念，带着些许的小寂寞，心有不甘常常在无人的街角大声的长啸，发泄着内心的声音，有时候我们会选择相信宿命，认为人与人之间的相遇，就像是上天早已做了安排，人谁也逃不过岁月时光刻下的印迹。\n\n　　时光荏苒，蹉跎了谁的年华，匆匆行走的岁月长河中，有些人只顾着追寻他人的脚步，忘记了自己的方向，忘记了自己的目标和理想，有些人几顾思量不敢走出自己的道路，因而迷失了方向。迷失了自己。有些人默默坚守，把青春的岁月包裹在温热的怀里，载着它踏上梦想的征途，不留一丝遗憾。不留一点别人靠近的距离，就像是陈孝正为自己规划的一厘米的差距，人生没有从头来过的权利。亦没有后悔的权利，做过的事情，不管有些怎样的结局都会成为过往，我们纵使一味的活在过去的时光里也不会改变一点点发生的故事，向着远方，努力的看看前方的路才是对我们自己的肯定，只有心存希望，才会有拼搏的勇气，才有希望去走更远的路，因为值得，所以一路前行，\n\n　　那一路上的心酸往事，慢慢的沉淀在内心平和的深处！', 'alalala    当清晨的一缕阳光透过窗帘上的空隙映照在沉睡的脸庞时，微微张开的双眼朦胧地注视着周遭的一切，新的一天悄然而至。    　　——题记    　    　　生活的列车慢慢的前进，有些人下去，也有人上去，不慌不忙的过着行云流水的日子，有的人知道自己的前方在哪里停靠，生活充实而安逸，有些人庸庸碌碌的过着不起波澜的日子，每天无头鸟似的瞎忙，朦胧的眼', '', null, null, '2020-04-16 22:49:24', '2020-05-02 22:57:26', '1617');
INSERT INTO `articles` VALUES ('144', '7', '马通', '34343434', '# alalala\n当清晨的一缕阳光透过窗帘上的空隙映照在沉睡的脸庞时，微微张开的双眼朦胧地注视着周遭的一切，新的一天悄然而至。\n\n　　——题记\n\n　\n\n　　生活的列车慢慢的前进，有些人下去，也有人上去，不慌不忙的过着行云流水的日子，有的人知道自己的前方在哪里停靠，生活充实而安逸，有些人庸庸碌碌的过着不起波澜的日子，每天无头鸟似的瞎忙，朦胧的眼神向世界宣告着昏暗思想，一个个皮囊悬浮在空气中，没有生机的灵魂过着糜烂的时间。没有归属，无处生根。有时我们在迷茫青春的时候，日子也慢慢地溜走，不留一点痕迹。\n\n　　时光不可阻挡，岁月交错中总要有些思量。人生只有在不短的思考中才会有所进步，有所追求，有了目标的人生才不会孤独和无助，只有让自己的心静下来时一些前方的东西才会明朗的展现在我们的面前。让我们不再迷惑于为所谓的挣扎中，谁的年华没有色彩，谁的青春没有耀眼的光芒，只是在岁月的长河里我们的选择不同，所得到的结局就不同，每个人都需要努力才会得到一切自己所要追求的东西和梦想。\n\n　　生命无常，人生苦短，记忆的时光中我们匆匆走过，走过喧嚣，走过孤寂，时光无情地带走了我们的青春年少，还好我们都在坚持着内心的宁静，岁月的年轮缓缓的从我们身边碾过，往事一幕幕铺陈，让我的生活回忆不至于那么的枯燥，一些美好的记忆还依然鲜活地根植在我的脑海之中。消逝不去，本不该怀旧的年纪，可是我们学不会遗忘，日日夜夜的想念，带着些许的小寂寞，心有不甘常常在无人的街角大声的长啸，发泄着内心的声音，有时候我们会选择相信宿命，认为人与人之间的相遇，就像是上天早已做了安排，人谁也逃不过岁月时光刻下的印迹。\n\n　　时光荏苒，蹉跎了谁的年华，匆匆行走的岁月长河中，有些人只顾着追寻他人的脚步，忘记了自己的方向，忘记了自己的目标和理想，有些人几顾思量不敢走出自己的道路，因而迷失了方向。迷失了自己。有些人默默坚守，把青春的岁月包裹在温热的怀里，载着它踏上梦想的征途，不留一丝遗憾。不留一点别人靠近的距离，就像是陈孝正为自己规划的一厘米的差距，人生没有从头来过的权利。亦没有后悔的权利，做过的事情，不管有些怎样的结局都会成为过往，我们纵使一味的活在过去的时光里也不会改变一点点发生的故事，向着远方，努力的看看前方的路才是对我们自己的肯定，只有心存希望，才会有拼搏的勇气，才有希望去走更远的路，因为值得，所以一路前行，\n\n　　那一路上的心酸往事，慢慢的沉淀在内心平和的深处！', 'alalala    当清晨的一缕阳光透过窗帘上的空隙映照在沉睡的脸庞时，微微张开的双眼朦胧地注视着周遭的一切，新的一天悄然而至。    　　——题记    　    　　生活的列车慢慢的前进，有些人下去，也有人上去，不慌不忙的过着行云流水的日子，有的人知道自己的前方在哪里停靠，生活充实而安逸，有些人庸庸碌碌的过着不起波澜的日子，每天无头鸟似的瞎忙，朦胧的眼', '', null, null, '2020-04-16 22:51:19', '2020-05-02 22:57:29', '15');
INSERT INTO `articles` VALUES ('145', '7', '马通', '2020-04-16', ' @ResponseBody', '@ResponseBody', '', null, null, '2020-04-16 22:54:50', '2020-05-02 22:57:30', '45');
INSERT INTO `articles` VALUES ('146', '7', '马通', '21饿饿', '12大旗网大旗网', '12大旗网大旗网', '', null, null, '2020-04-16 23:00:06', '2020-05-02 22:57:31', '11');
INSERT INTO `articles` VALUES ('147', '7', '马通', '2020-04-16', 'vdsd', 'vdsd', '/static/img/article/1a5e740c8ada9f6e7d1ab299f7e68b0.jpg', null, null, '2020-04-16 23:02:33', '2020-05-02 22:57:32', '22');
INSERT INTO `articles` VALUES ('149', '7', '马通', 'ewwerw', '12313131', '12313131', '', null, null, '2020-04-16 23:04:36', '2020-05-02 22:57:33', '34');
INSERT INTO `articles` VALUES ('150', '7', '马通', 'ewwerw2222', '12313131', '12313131', '', null, null, '2020-04-16 23:05:18', '2020-05-02 22:57:36', '56');
INSERT INTO `articles` VALUES ('151', '7', '马通', '22222', 'q', 'q', '', null, null, '2020-04-16 23:05:43', '2020-04-24 14:15:01', '0');
INSERT INTO `articles` VALUES ('152', '7', '马通', '2020-042222', 'wdq', 'wdq', '', null, null, '2020-04-16 23:06:38', '2020-04-24 14:15:01', '0');
INSERT INTO `articles` VALUES ('153', '7', '马通', '2020-04-16', 'wefw', 'wefw', '', null, null, '2020-04-16 23:06:56', '2020-04-24 14:15:03', '0');
INSERT INTO `articles` VALUES ('154', '7', '马通', '今日测试-18', '# 其实我们都指导，我宁可发你文件\n\n|2   |  3 |\n| ------------ | ------------ |\n|  1 | 2  |\n|   2|  3 |\n', '其实我们都指导，我宁可发你文件  2	3  1	2  2	3', '', null, null, '2020-04-18 14:20:15', '2020-04-24 14:15:04', '0');
INSERT INTO `articles` VALUES ('155', '7', '马通', '2020-04-18', 'vd,vsvsnl\nvsmvlns\n,vsdlvnksvs\n,sldvslnvsdvjsn\ns,dvlnks\n![](/static/img/article/1a5e740c8ada9f6e7d1ab299f7e68b0.jpg)', 'vd,vsvsnl  vsmvlns  ,vsdlvnksvs  ,sldvslnvsdvjsn  s,dvlnks  ', '/static/img/article/1a5e740c8ada9f6e7d1ab299f7e68b0.jpg', null, null, '2020-04-18 15:06:20', '2020-04-24 14:15:05', '0');
INSERT INTO `articles` VALUES ('156', '7', '马通', '2020-04-18', '# 气温起伏\n![](/static/img/article/u=3173584241,3533290860&fm=26&gp=0.jpg)', '气温起伏', '/static/img/article/u=3173584241,3533290860&fm=26&gp=0.jpg', null, null, '2020-04-18 16:09:56', '2020-04-24 14:15:06', '0');
INSERT INTO `articles` VALUES ('157', '7', '马通', '2020-04-18', '![](/static/img/article/u=3252521864,872614242&fm=26&gp=0.jpg)', '', '/static/img/article/u=3252521864,872614242&fm=26&gp=0.jpg', null, null, '2020-04-18 16:27:41', '2020-04-24 14:15:07', '0');
INSERT INTO `articles` VALUES ('158', '7', '马通', '2020-04-18', '![](/static/img/article/u=3404129581,3734062752&fm=26&gp=0.jpg)', '', '/static/img/article/u=3404129581,3734062752&fm=26&gp=0.jpg', null, null, '2020-04-18 16:39:50', '2020-04-24 14:15:08', '0');
INSERT INTO `articles` VALUES ('159', '7', '马通', '美文 欣赏', '秋风用时光的旋律，用桂花的芬芳、苹果的馨香、菊花的灿烂、牵牛花的奔放、一串红的艳丽，把一望无际的田野乡村，演绎得在自然中沉醉，渲染得天地间空旷而又阳刚。\n\n　　酷热的夏天刚刚过去，秋风吹来，秋牵着一个个节气的手，舞动着长袖，用婀娜多姿的舞姿，用变幻神奇的旋律，动听的音符，把蓝天吹得一会白云飘飘，一会云蒸霞蔚，一会仙女舞袖，一会又涌来千顷碧波。更让那成千上万得雀鸟，不顾辛苦劳顿，路途遥远，赶赴银汉，为牛郎织女架起一座相会的鹊桥，就为这对生离死别的鸳鸯说上一晚悄悄话。\n\n　　秋天的风，优雅中体现成熟和高雅。砍高粱、掐谷子、掰玉米、刨芋头、割豆子、下苹果、晒柿子、揪石榴、摘花生、耩麦子，一个个音符，无不让秋风演奏得动听、感人。仰望湛蓝的长空，会让你一扫往日沉闷枯燥的苦闷，心情更加舒畅了，一股热爱蓝天热爱大自然钟爱乡村田野的激情，便油然而生。\n\n　　秋风是多情的。花朵变得更加缤纷多彩，路边山间公园各种小花，一夜之间便把一片片一处处山川河流吹得五颜六色，吹得诗意盎然，吹得舒展酣畅。连多情的小鸟也不愿在花丛打滚，嘴馋的小羊也不忍心张口去啃。特别是那漫山遍野的山丹丹花，把天空的云彩的染得霞光满天。阵阵清香，优雅而芬芳，把那躲在暗处的萤火虫，引得打着灯笼，在山野荒原中游来游去。特别是那一株株菊花，顶住尘土的飞扬，忍得住周边花朵凋谢的寂寞，耐得住干旱的折磨，在秋风中不顾寂寞和冷落暗自开放。\n\n　　秋风是煽情的。秋风在田野打一个滚，哪一树树青涩碧绿的苹果，一层层红晕铺在脸颊上，变得又香又甜。一树树大枣、山楂就像神仙点化了一样，一个个像红宝石，缀满树头，压弯枝头，甜满心头，让路人看了都垂涎欲滴。最可爱的是那山坡上的柿子，圆晕金黄，一个个像灯笼挂满树梢，引得小鸟满树鸣叫。\n\n　　秋风是有魅力的。秋风掠过满眼绿色，霎时就会变得金黄，金色的谷穗压弯了枝头，满坡玉米竖起一杆杆摇曳的旗子，露出一排排整齐的金牙。乡间道路上一车车黄豆、花生透出诱人的馨香。正在收获庄稼的乡亲，艰苦的付出得到了加倍的回报，紫铜的脸上添了少有的红润，露出了笑容。大树仿佛一夜之间都变得金黄，满树的银杏叶、哗啦啦的杨树叶金光闪闪，静美而耀眼。似乎是一夜之间，漫山遍野的绿色都变成了满眼金黄，演奏起金黄色的乐章。\n\n　　秋风是幽静的。秋风吹过，山野田园，变得贤淑幽静起来，没有阳春的怒放，盛夏的狂热，活跃在林子里、小河旁、山榜上的鸟儿，没了浮躁，唱得更加婉转悠扬。流过树根，淌过石块的小溪，不在狂奔湍急，像少女摆动的轻纱，舒缓而宁静。“天阶夜色凉如水，坐看牛郎织女星。”秋风揉圆了那一轮轮月亮，把思恋的洞箫吹奏得揪心荡肠，吹得每每昂起头来，一遍遍对着玉盘倾诉心中的珍藏。\n\n　　人生的秋季，何尝又不是这样呢？到了我们这样的年龄，已经步入了人生的秋季，虽然没了青春的靓丽，却多了成熟的韵味。“夜半酒醒人未醒，满池荷叶动秋风”。荡漾在秋风中，静听天籁之声，虽未喝酒人却醉了。', '秋风用时光的旋律，用桂花的芬芳、苹果的馨香、菊花的灿烂、牵牛花的奔放、一串红的艳丽，把一望无际的田野乡村，演绎得在自然中沉醉，渲染得天地间空旷而又阳刚。    　　酷热的夏天刚刚过去，秋风吹来，秋牵着一个个节气的手，舞动着长袖，用婀娜多姿的舞姿，用变幻神奇的旋律，动听的音符，把蓝天吹得一会白云飘飘，一会云蒸霞蔚，一会仙女舞袖，一会又涌来千顷碧波。更让那成千上', '', null, null, '2020-04-18 22:36:51', '2020-04-24 14:15:11', '0');
INSERT INTO `articles` VALUES ('160', '7', '马通', '加粗版', '\n　**　酷热的夏天刚刚过去，秋风吹来，秋牵着一个个节气的手，舞动着长袖，用婀娜多姿的舞姿，用变幻神奇的旋律，动听的音符，把蓝天吹得一会白云飘飘，一会云蒸霞蔚，一会仙女舞袖，一会又涌来千顷碧波。更让那成千上万得雀鸟，不顾辛苦劳顿，路途遥远，赶赴银汉，为牛郎织女架起一座相会的鹊桥，就为这对生离死别的鸳鸯说上一晚悄悄话。**\n\n**　　秋风是多情的。花朵变得更加缤纷多彩，路边山间公园各种小花，一夜之间便把一片片一处处山川河流吹得五颜六色，吹得诗意盎然，吹得舒展酣畅。连多情的小鸟也不愿在花丛打滚，嘴馋的小羊也不忍心张口去啃。特别是那漫山遍野的山丹丹花，把天空的云彩的染得霞光满天。阵阵清香，优雅而芬芳，把那躲在暗处的萤火虫，引得打着灯笼，在山野荒原中游来游去。特别是那一株株菊花，顶住尘土的飞扬，忍得住周边花朵凋谢的寂寞，耐得住干旱的折磨，在秋风中不顾寂寞和冷落暗自开放。**\n\n　**　秋风是有魅力的。秋风掠过满眼绿色，霎时就会变得金黄，金色的谷穗压弯了枝头，满坡玉米竖起一杆杆摇曳的旗子，露出一排排整齐的金牙。乡间道路上一车车黄豆、花生透出诱人的馨香。正在收获庄稼的乡亲，艰苦的付出得到了加倍的回报，紫铜的脸上添了少有的红润，露出了笑容。大树仿佛一夜之间都变得金黄，满树的银杏叶、哗啦啦的杨树叶金光闪闪，静美而耀眼。似乎是一夜之间，漫山遍野的绿色都变成了满眼金黄，演奏起金黄色的乐章。**\n\n![](/static/img/article/u=3252521864,872614242&fm=26&gp=0.jpg)\n\n**　　秋风是幽静的。秋风吹过，山野田园，变得贤淑幽静起来，没有阳春的怒放，盛夏的狂热，活跃在林子里、小河旁、山榜上的鸟儿，没了浮躁，唱得更加婉转悠扬。流过树根，淌过石块的小溪，不在狂奔湍急，像少女摆动的轻纱，舒缓而宁静。“天阶夜色凉如水，坐看牛郎织女星。”秋风揉圆了那一轮轮月亮，把思恋的洞箫吹奏得揪心荡肠，吹得每每昂起头来，一遍遍对着玉盘倾诉心中的珍藏。**\n\n**　　人生的秋季，何尝又不是这样呢？到了我们这样的年龄，已经步入了人生的秋季，虽然没了青春的靓丽，却多了成熟的韵味。“夜半酒醒人未醒，满池荷叶动秋风”。荡漾在秋风中，静听天籁之声，虽未喝酒人却醉了。**', '　　酷热的夏天刚刚过去，秋风吹来，秋牵着一个个节气的手，舞动着长袖，用婀娜多姿的舞姿，用变幻神奇的旋律，动听的音符，把蓝天吹得一会白云飘飘，一会云蒸霞蔚，一会仙女舞袖，一会又涌来千顷碧波。更让那成千上万得雀鸟，不顾辛苦劳顿，路途遥远，赶赴银汉，为牛郎织女架起一座相会的鹊桥，就为这对生离死别的鸳鸯说上一晚悄悄话。    　　秋风是多情的。花朵变得更加缤纷多彩，', '/static/img/article/u=3252521864,872614242&fm=26&gp=0.jpg', null, null, '2020-04-18 22:59:18', '2020-05-08 23:13:09', '0');
INSERT INTO `articles` VALUES ('161', '7', '马通', '2020-04-24', '青蛙大全分歧分期', '青蛙大全分歧分期', '', null, '0', '2020-04-24 11:59:00', '2020-04-24 14:15:15', '0');
INSERT INTO `articles` VALUES ('162', '7', '马通', '2020-04-24', '文章 评论数的测试', '文章 评论数的测试', '', null, '0', '2020-04-24 15:55:04', null, null);
INSERT INTO `articles` VALUES ('163', '7', '马通', '2020-04-24', 'wwefwfwfeerfe', 'wwefwfwfeerfe', '', null, '0', '2020-04-24 16:24:48', null, null);
INSERT INTO `articles` VALUES ('164', '7', '马通', '2020-04-24', '# 777777777777777777777777', '777777777777777777777777', '', null, '0', '2020-04-24 16:34:49', null, null);
INSERT INTO `articles` VALUES ('165', '7', '马通', '2020-04-24', '# 9999999999999', '9999999999999', '', null, '0', '2020-04-24 16:38:28', null, null);
INSERT INTO `articles` VALUES ('166', '7', '马通', '2020-04-24', '# wqwwwwwwwwwwwww', 'wqwwwwwwwwwwwww', '', null, '0', '2020-04-24 16:54:33', null, null);
INSERT INTO `articles` VALUES ('167', '7', '马通', '2020-04-24', '# weeeeee44444444444', 'weeeeee44444444444', '', null, '0', '2020-04-24 16:56:17', null, null);
INSERT INTO `articles` VALUES ('173', '5', 'Francis', '2020-04-30', 'qwqd1121d1dwd', 'qwqd1121d1dwd', '', null, '0', '2020-04-30 22:42:19', null, null);
INSERT INTO `articles` VALUES ('175', '5', 'Francis', ' Win 上有哪些必装的软件吗', ' ## 下载的第一个软件\n### Google Chrome 毫无疑问，是程序员首选的浏览器，同时也强烈建议其他看到此文的朋友体验这款浏览器。\n\n### 使用 win10 自带的 Edge 浏览器,确实改善良多。### 尽管 win10 提供的 Edge 浏览器已经超越了 FireFox，但是对于程序员来说，还是远远不够；普通用户的话，建议使用 win10 自带的 Edge 浏览器,确实改善良多。\n\n有了趁手的浏览器，我们才可以以此为入口，去安装其他软件。\n\n## 高级记事本高级记事本\n#### 个人建议选择 Notepad++，或者 EditPlus。尽管前者之前出现了大家都知道的事情，但用习惯了就无法被替代了。其功能的强大和使用的便捷性就不用在这里多说了，体验过的都知道。\n\n#### 除此之外，还有其他很多可替代软件，比如：VSCode\n\n', '下载的第一个软件        Google Chrome 毫无疑问，是程序员首选的浏览器，同时也强烈建议其他看到此文的朋友体验这款浏览器。        使用 win10 自带的 Edge 浏览器,确实改善良多。### 尽管 win10 提供的 Edge 浏览器已经超越了 FireFox，但是对于程序员来说，还是远远不够；普通用户的话，建议使用 win10', '', null, '0', '2020-04-30 22:48:49', '2020-05-08 22:11:53', null);
INSERT INTO `articles` VALUES ('176', '5', 'Francis', '系统测试', '#   博客系统文章测试\n###### ** 生活的列车慢慢的前进，有些人下去，也有人上去，不慌不忙的过着行云流水的日子，有的人知道自己的前方在哪里停靠，生活充实而安逸，有些人庸庸碌碌的过着不起波澜的日子，每天无头鸟似的瞎忙，朦胧的眼神向世界宣告着昏暗思想，一个个皮囊悬浮在空气中，没有生机的灵魂过着糜烂的时间。**\n\n![](/static/img/article/timg.jpg)\n', '博客系统文章测试         生活的列车慢慢的前进，有些人下去，也有人上去，不慌不忙的过着行云流水的日子，有的人知道自己的前方在哪里停靠，生活充实而安逸，有些人庸庸碌碌的过着不起波澜的日子，每天无头鸟似的瞎忙，朦胧的眼神向世界宣告着昏暗思想，一个个皮囊悬浮在空气中，没有生机的灵魂过着糜烂的时间。', '/static/img/article/timg.jpg', null, '1', '2020-04-30 23:05:59', '2020-05-09 09:22:23', null);

-- ----------------------------
-- Table structure for comment
-- ----------------------------
DROP TABLE IF EXISTS `comment`;
CREATE TABLE `comment` (
  `id` bigint(20) NOT NULL AUTO_INCREMENT COMMENT '评论id',
  `article_id` bigint(20) NOT NULL COMMENT '文章id',
  `auther_id` bigint(20) DEFAULT NULL COMMENT '评论者id',
  `commentee_id` bigint(20) DEFAULT NULL COMMENT '被评论者id',
  `comment_content` text COMMENT '评论内容',
  `comment_date` datetime DEFAULT NULL ON UPDATE CURRENT_TIMESTAMP COMMENT '评论日期',
  `children` varchar(255) DEFAULT '0' COMMENT '子id',
  `upvote` int(100) DEFAULT '0' COMMENT '评论点赞数',
  PRIMARY KEY (`id`)
) ENGINE=InnoDB AUTO_INCREMENT=118 DEFAULT CHARSET=utf8;

-- ----------------------------
-- Records of comment
-- ----------------------------
INSERT INTO `comment` VALUES ('78', '161', '7', null, 'v女不会，也许迷途的抽行', null, '0', null);
INSERT INTO `comment` VALUES ('93', '162', '7', null, '青蛙大全', null, '0', null);
INSERT INTO `comment` VALUES ('101', '163', '7', null, 'wewfwefw', null, '0', null);
INSERT INTO `comment` VALUES ('102', '163', '7', null, '11111', null, '0', null);
INSERT INTO `comment` VALUES ('104', '164', '7', null, '111111', null, '0', null);
INSERT INTO `comment` VALUES ('105', '165', '7', null, '1234', null, '0', null);
INSERT INTO `comment` VALUES ('106', '166', '7', null, 'qwqqwqqw', null, '0,110', null);
INSERT INTO `comment` VALUES ('107', '167', '7', null, '121123131231231', null, '0,116', null);
INSERT INTO `comment` VALUES ('109', '18', '7', null, '23e2r23r2', null, '0', null);
INSERT INTO `comment` VALUES ('110', '166', '5', '7', '我是你阿布', null, '0', null);
INSERT INTO `comment` VALUES ('114', '176', '5', null, '嗡嗡嗡', null, '0,115,117', null);
INSERT INTO `comment` VALUES ('115', '176', '6', '5', '收到请回复', null, '0', null);
INSERT INTO `comment` VALUES ('116', '167', '5', '7', 'ww1', null, '0', null);
INSERT INTO `comment` VALUES ('117', '176', '5', '6', '收到', null, '0', null);

-- ----------------------------
-- Table structure for user
-- ----------------------------
DROP TABLE IF EXISTS `user`;
CREATE TABLE `user` (
  `id` bigint(20) NOT NULL AUTO_INCREMENT COMMENT '用户id',
  `nick_name` varchar(255) DEFAULT NULL COMMENT '用户昵称',
  `email` varchar(255) DEFAULT NULL COMMENT '用户邮箱',
  `phone` varchar(11) DEFAULT NULL COMMENT '用户手机号',
  `img_url` varchar(255) DEFAULT NULL COMMENT '用户头像',
  `password` varchar(255) DEFAULT NULL COMMENT '用户密码',
  `state` varchar(1) DEFAULT NULL COMMENT '用户激活状态',
  `enable` varchar(1) DEFAULT NULL COMMENT '用户是否可用',
  PRIMARY KEY (`id`)
) ENGINE=InnoDB AUTO_INCREMENT=8 DEFAULT CHARSET=utf8;

-- ----------------------------
-- Records of user
-- ----------------------------
INSERT INTO `user` VALUES ('5', 'Francis', 'BingFrancis@163.com', '13769662442', '/static/img/user/57c764c3db82878d3840b1f37b69c48.jpg', 'f09913ac4a1fe2b94221ac10fe1f087394b0f91425113de1310c10a0', null, null);
INSERT INTO `user` VALUES ('6', '系统测试员', '', '15559833631', '/static/img/user/1`.gif', '43f923f7014363ef93e9d72b3230e3a1e5bf9a833afda980901f167f', null, null);
INSERT INTO `user` VALUES ('7', 'user', null, '13788888888', '/static/img/user/u=3987282417,3624059467&fm=26&gp=0.jpg', 'e2ba0999e1bcc370ff0eb31817a8f491c3089a6564499f101bddc3ea', null, null);
